dataset/with_mask/0-with-mask.jpg,with_mask
dataset/with_mask/0007.jpg,with_mask
dataset/with_mask/0008.jpg,with_mask
dataset/with_mask/0009.jpg,with_mask
dataset/with_mask/0010.jpg,with_mask
dataset/with_mask/0011.jpg,with_mask
dataset/with_mask/0012.jpg,with_mask
dataset/with_mask/0013.jpg,with_mask
dataset/with_mask/0014.jpg,with_mask
dataset/with_mask/0015.jpg,with_mask
dataset/with_mask/0016.jpg,with_mask
dataset/with_mask/0017.jpg,with_mask
dataset/with_mask/0018.jpg,with_mask
dataset/with_mask/0019.jpg,with_mask
dataset/with_mask/0020.jpg,with_mask
dataset/with_mask/0021.jpg,with_mask
dataset/with_mask/0022.jpg,with_mask
dataset/with_mask/0023.jpg,with_mask
dataset/with_mask/0024.jpg,with_mask
dataset/with_mask/0025.jpg,with_mask
dataset/with_mask/0026.jpg,with_mask
dataset/with_mask/0027.jpg,with_mask
dataset/with_mask/0028.jpg,with_mask
dataset/with_mask/0029.jpg,with_mask
dataset/with_mask/0030.jpg,with_mask
dataset/with_mask/0031.jpg,with_mask
dataset/with_mask/0032.jpg,with_mask
dataset/with_mask/0033.jpg,with_mask
dataset/with_mask/0034.jpg,with_mask
dataset/with_mask/0035.jpg,with_mask
dataset/with_mask/0036.jpg,with_mask
dataset/with_mask/0037.jpg,with_mask
dataset/with_mask/0038.jpg,with_mask
dataset/with_mask/0039.jpg,with_mask
dataset/with_mask/0040.jpg,with_mask
dataset/with_mask/0041.jpg,with_mask
dataset/with_mask/0042.jpg,with_mask
dataset/with_mask/0043.jpg,with_mask
dataset/with_mask/0044.jpg,with_mask
dataset/with_mask/0045.jpg,with_mask
dataset/with_mask/0046.jpg,with_mask
dataset/with_mask/0047.jpg,with_mask
dataset/with_mask/0048.jpg,with_mask
dataset/with_mask/0049.jpg,with_mask
dataset/with_mask/0050.jpg,with_mask
dataset/with_mask/0051.jpg,with_mask
dataset/with_mask/0052.jpg,with_mask
dataset/with_mask/0053.jpg,with_mask
dataset/with_mask/0054.jpg,with_mask
dataset/with_mask/0055.jpg,with_mask
dataset/with_mask/0056.jpg,with_mask
dataset/with_mask/0057.jpg,with_mask
dataset/with_mask/0058.jpg,with_mask
dataset/with_mask/0059.jpg,with_mask
dataset/with_mask/0060.jpg,with_mask
dataset/with_mask/0061.jpg,with_mask
dataset/with_mask/0062.jpg,with_mask
dataset/with_mask/0063.jpg,with_mask
dataset/with_mask/0064.jpg,with_mask
dataset/with_mask/0065.jpg,with_mask
dataset/with_mask/0066.jpg,with_mask
dataset/with_mask/0067.jpg,with_mask
dataset/with_mask/0068.jpg,with_mask
dataset/with_mask/0069.jpg,with_mask
dataset/with_mask/0070.jpg,with_mask
dataset/with_mask/0071.jpg,with_mask
dataset/with_mask/0072.jpg,with_mask
dataset/with_mask/0073.jpg,with_mask
dataset/with_mask/0074.jpg,with_mask
dataset/with_mask/0075.jpg,with_mask
dataset/with_mask/0076.jpg,with_mask
dataset/with_mask/0077.jpg,with_mask
dataset/with_mask/0078.jpg,with_mask
dataset/with_mask/0079.jpg,with_mask
dataset/with_mask/0080.jpg,with_mask
dataset/with_mask/0081.jpg,with_mask
dataset/with_mask/0082.jpg,with_mask
dataset/with_mask/0083.jpg,with_mask
dataset/with_mask/0084.jpg,with_mask
dataset/with_mask/0085.jpg,with_mask
dataset/with_mask/0086.jpg,with_mask
dataset/with_mask/0087.jpg,with_mask
dataset/with_mask/0088.jpg,with_mask
dataset/with_mask/0089.jpg,with_mask
dataset/with_mask/0090.jpg,with_mask
dataset/with_mask/0091.jpg,with_mask
dataset/with_mask/0092.jpg,with_mask
dataset/with_mask/0093.jpg,with_mask
dataset/with_mask/0094.jpg,with_mask
dataset/with_mask/0095.jpg,with_mask
dataset/with_mask/0096.jpg,with_mask
dataset/with_mask/0097.jpg,with_mask
dataset/with_mask/0098.jpg,with_mask
dataset/with_mask/0099.jpg,with_mask
dataset/with_mask/0100.jpg,with_mask
dataset/with_mask/0101.jpg,with_mask
dataset/with_mask/0102.jpg,with_mask
dataset/with_mask/0103.jpg,with_mask
dataset/with_mask/0104.jpg,with_mask
dataset/with_mask/0105.jpg,with_mask
dataset/with_mask/0106.jpg,with_mask
dataset/with_mask/0107.jpg,with_mask
dataset/with_mask/0108.jpg,with_mask
dataset/with_mask/0109.jpg,with_mask
dataset/with_mask/0110.jpg,with_mask
dataset/with_mask/0111.jpg,with_mask
dataset/with_mask/0112.jpg,with_mask
dataset/with_mask/0113.jpg,with_mask
dataset/with_mask/0114.jpg,with_mask
dataset/with_mask/0115.jpg,with_mask
dataset/with_mask/0116.jpg,with_mask
dataset/with_mask/0117.jpg,with_mask
dataset/with_mask/0118.jpg,with_mask
dataset/with_mask/0119.jpg,with_mask
dataset/with_mask/0120.jpg,with_mask
dataset/with_mask/0121.jpg,with_mask
dataset/with_mask/0122.jpg,with_mask
dataset/with_mask/0123.jpg,with_mask
dataset/with_mask/0124.jpg,with_mask
dataset/with_mask/0125.jpg,with_mask
dataset/with_mask/0126.jpg,with_mask
dataset/with_mask/0127.jpg,with_mask
dataset/with_mask/0128.jpg,with_mask
dataset/with_mask/0129.jpg,with_mask
dataset/with_mask/0130.jpg,with_mask
dataset/with_mask/0131.jpg,with_mask
dataset/with_mask/0132.jpg,with_mask
dataset/with_mask/0133.jpg,with_mask
dataset/with_mask/0134.jpg,with_mask
dataset/with_mask/0135.jpg,with_mask
dataset/with_mask/0136.jpg,with_mask
dataset/with_mask/0137.jpg,with_mask
dataset/with_mask/0138.jpg,with_mask
dataset/with_mask/0139.jpg,with_mask
dataset/with_mask/0140.jpg,with_mask
dataset/with_mask/0141.jpg,with_mask
dataset/with_mask/0142.jpg,with_mask
dataset/with_mask/0143.jpg,with_mask
dataset/with_mask/0144.jpg,with_mask
dataset/with_mask/0145.jpg,with_mask
dataset/with_mask/0146.jpg,with_mask
dataset/with_mask/0147.jpg,with_mask
dataset/with_mask/0148.jpg,with_mask
dataset/with_mask/0149.jpg,with_mask
dataset/with_mask/0150.jpg,with_mask
dataset/with_mask/0151.jpg,with_mask
dataset/with_mask/0152.jpg,with_mask
dataset/with_mask/0153.jpg,with_mask
dataset/with_mask/0154.jpg,with_mask
dataset/with_mask/0155.jpg,with_mask
dataset/with_mask/0156.jpg,with_mask
dataset/with_mask/0157.jpg,with_mask
dataset/with_mask/0158.jpg,with_mask
dataset/with_mask/0159.jpg,with_mask
dataset/with_mask/0160.jpg,with_mask
dataset/with_mask/0161.jpg,with_mask
dataset/with_mask/0162.jpg,with_mask
dataset/with_mask/0163.jpg,with_mask
dataset/with_mask/1-with-mask.jpg,with_mask
dataset/with_mask/10-with-mask.jpg,with_mask
dataset/with_mask/10.jpg,with_mask
dataset/with_mask/100-with-mask.jpg,with_mask
dataset/with_mask/100.jpg,with_mask
dataset/with_mask/101-with-mask.jpg,with_mask
dataset/with_mask/101.jpg,with_mask
dataset/with_mask/102.jpg,with_mask
dataset/with_mask/103-with-mask.jpg,with_mask
dataset/with_mask/103.jpg,with_mask
dataset/with_mask/104-with-mask.jpg,with_mask
dataset/with_mask/104.jpg,with_mask
dataset/with_mask/105-with-mask.jpg,with_mask
dataset/with_mask/105.jpg,with_mask
dataset/with_mask/106-with-mask.jpg,with_mask
dataset/with_mask/106.jpg,with_mask
dataset/with_mask/107-with-mask.jpg,with_mask
dataset/with_mask/107.jpg,with_mask
dataset/with_mask/108-with-mask.jpg,with_mask
dataset/with_mask/108.jpg,with_mask
dataset/with_mask/109-with-mask.jpg,with_mask
dataset/with_mask/109.jpg,with_mask
dataset/with_mask/11-with-mask.jpg,with_mask
dataset/with_mask/11.jpg,with_mask
dataset/with_mask/110-with-mask.jpg,with_mask
dataset/with_mask/110.jpg,with_mask
dataset/with_mask/111-with-mask.jpg,with_mask
dataset/with_mask/111.jpg,with_mask
dataset/with_mask/112-with-mask.jpg,with_mask
dataset/with_mask/112.jpg,with_mask
dataset/with_mask/113-with-mask.jpg,with_mask
dataset/with_mask/113.jpg,with_mask
dataset/with_mask/114-with-mask.jpg,with_mask
dataset/with_mask/114.jpg,with_mask
dataset/with_mask/115-with-mask.jpg,with_mask
dataset/with_mask/115.jpg,with_mask
dataset/with_mask/116-with-mask.jpg,with_mask
dataset/with_mask/116.jpg,with_mask
dataset/with_mask/117-with-mask.jpg,with_mask
dataset/with_mask/117.jpg,with_mask
dataset/with_mask/118-with-mask.jpg,with_mask
dataset/with_mask/118.jpg,with_mask
dataset/with_mask/119-with-mask.jpg,with_mask
dataset/with_mask/119.jpg,with_mask
dataset/with_mask/12-with-mask.jpg,with_mask
dataset/with_mask/12.jpg,with_mask
dataset/with_mask/120-with-mask.jpg,with_mask
dataset/with_mask/120.jpg,with_mask
dataset/with_mask/121-with-mask.jpg,with_mask
dataset/with_mask/121.jpg,with_mask
dataset/with_mask/122-with-mask.jpg,with_mask
dataset/with_mask/122.jpg,with_mask
dataset/with_mask/123-with-mask.jpg,with_mask
dataset/with_mask/123.jpg,with_mask
dataset/with_mask/124-with-mask.jpg,with_mask
dataset/with_mask/124.jpg,with_mask
dataset/with_mask/125-with-mask.jpg,with_mask
dataset/with_mask/125.jpg,with_mask
dataset/with_mask/126-with-mask.jpg,with_mask
dataset/with_mask/126.jpg,with_mask
dataset/with_mask/127-with-mask.jpg,with_mask
dataset/with_mask/127.jpg,with_mask
dataset/with_mask/128-with-mask.jpg,with_mask
dataset/with_mask/128.jpg,with_mask
dataset/with_mask/129-with-mask.jpg,with_mask
dataset/with_mask/129.jpg,with_mask
dataset/with_mask/13-with-mask.jpg,with_mask
dataset/with_mask/13.jpg,with_mask
dataset/with_mask/130.jpg,with_mask
dataset/with_mask/131-with-mask.jpg,with_mask
dataset/with_mask/131.jpg,with_mask
dataset/with_mask/132-with-mask.jpg,with_mask
dataset/with_mask/132.jpg,with_mask
dataset/with_mask/133-with-mask.jpg,with_mask
dataset/with_mask/133.jpg,with_mask
dataset/with_mask/134-with-mask.jpg,with_mask
dataset/with_mask/134.jpg,with_mask
dataset/with_mask/135-with-mask.jpg,with_mask
dataset/with_mask/135.jpg,with_mask
dataset/with_mask/136-with-mask.jpg,with_mask
dataset/with_mask/136.jpg,with_mask
dataset/with_mask/137-with-mask.jpg,with_mask
dataset/with_mask/137.jpg,with_mask
dataset/with_mask/138-with-mask.jpg,with_mask
dataset/with_mask/138.jpg,with_mask
dataset/with_mask/139-with-mask.jpg,with_mask
dataset/with_mask/139.jpg,with_mask
dataset/with_mask/14-with-mask.jpg,with_mask
dataset/with_mask/14.jpg,with_mask
dataset/with_mask/140-with-mask.jpg,with_mask
dataset/with_mask/140.jpg,with_mask
dataset/with_mask/141-with-mask.jpg,with_mask
dataset/with_mask/141.jpg,with_mask
dataset/with_mask/142.jpg,with_mask
dataset/with_mask/143-with-mask.jpg,with_mask
dataset/with_mask/143.jpg,with_mask
dataset/with_mask/144-with-mask.jpg,with_mask
dataset/with_mask/144.jpg,with_mask
dataset/with_mask/145.jpg,with_mask
dataset/with_mask/146-with-mask.jpg,with_mask
dataset/with_mask/146.jpg,with_mask
dataset/with_mask/147-with-mask.jpg,with_mask
dataset/with_mask/147.jpg,with_mask
dataset/with_mask/148-with-mask.jpg,with_mask
dataset/with_mask/149.jpg,with_mask
dataset/with_mask/15-with-mask.jpg,with_mask
dataset/with_mask/15.jpg,with_mask
dataset/with_mask/150-with-mask.jpg,with_mask
dataset/with_mask/150.jpg,with_mask
dataset/with_mask/151-with-mask.jpg,with_mask
dataset/with_mask/151.jpg,with_mask
dataset/with_mask/152-with-mask.jpg,with_mask
dataset/with_mask/152.jpg,with_mask
dataset/with_mask/153-with-mask.jpg,with_mask
dataset/with_mask/153.jpg,with_mask
dataset/with_mask/154-with-mask.jpg,with_mask
dataset/with_mask/154.jpg,with_mask
dataset/with_mask/155-with-mask.jpg,with_mask
dataset/with_mask/155.jpg,with_mask
dataset/with_mask/156-with-mask.jpg,with_mask
dataset/with_mask/156.jpg,with_mask
dataset/with_mask/157-with-mask.jpg,with_mask
dataset/with_mask/157.jpg,with_mask
dataset/with_mask/158-with-mask.jpg,with_mask
dataset/with_mask/158.jpg,with_mask
dataset/with_mask/159-with-mask.jpg,with_mask
dataset/with_mask/159.jpg,with_mask
dataset/with_mask/16-with-mask.jpg,with_mask
dataset/with_mask/16.jpg,with_mask
dataset/with_mask/160-with-mask.jpg,with_mask
dataset/with_mask/160.jpg,with_mask
dataset/with_mask/161-with-mask.jpg,with_mask
dataset/with_mask/161.jpg,with_mask
dataset/with_mask/162-with-mask.jpg,with_mask
dataset/with_mask/162.jpg,with_mask
dataset/with_mask/163-with-mask.jpg,with_mask
dataset/with_mask/165-with-mask.jpg,with_mask
dataset/with_mask/167-with-mask.jpg,with_mask
dataset/with_mask/168-with-mask.jpg,with_mask
dataset/with_mask/169-with-mask.jpg,with_mask
dataset/with_mask/17-with-mask.jpg,with_mask
dataset/with_mask/17.jpg,with_mask
dataset/with_mask/170-with-mask.jpg,with_mask
dataset/with_mask/171-with-mask.jpg,with_mask
dataset/with_mask/172-with-mask.jpg,with_mask
dataset/with_mask/173-with-mask.jpg,with_mask
dataset/with_mask/174-with-mask.jpg,with_mask
dataset/with_mask/175-with-mask.jpg,with_mask
dataset/with_mask/176-with-mask.jpg,with_mask
dataset/with_mask/177-with-mask.jpg,with_mask
dataset/with_mask/179-with-mask.jpg,with_mask
dataset/with_mask/18-with-mask.jpg,with_mask
dataset/with_mask/18.jpg,with_mask
dataset/with_mask/180-with-mask.jpg,with_mask
dataset/with_mask/181-with-mask.jpg,with_mask
dataset/with_mask/182-with-mask.jpg,with_mask
dataset/with_mask/183-with-mask.jpg,with_mask
dataset/with_mask/184-with-mask.jpg,with_mask
dataset/with_mask/185-with-mask.jpg,with_mask
dataset/with_mask/186-with-mask.jpg,with_mask
dataset/with_mask/187-with-mask.jpg,with_mask
dataset/with_mask/189-with-mask.jpg,with_mask
dataset/with_mask/19-with-mask.jpg,with_mask
dataset/with_mask/19.jpg,with_mask
dataset/with_mask/190-with-mask.jpg,with_mask
dataset/with_mask/192-with-mask.jpg,with_mask
dataset/with_mask/193-with-mask.jpg,with_mask
dataset/with_mask/194-with-mask.jpg,with_mask
dataset/with_mask/195-with-mask.jpg,with_mask
dataset/with_mask/196-with-mask.jpg,with_mask
dataset/with_mask/197-with-mask.jpg,with_mask
dataset/with_mask/198-with-mask.jpg,with_mask
dataset/with_mask/2-with-mask.jpg,with_mask
dataset/with_mask/20.jpg,with_mask
dataset/with_mask/200-with-mask.jpg,with_mask
dataset/with_mask/201-with-mask.jpg,with_mask
dataset/with_mask/202-with-mask.jpg,with_mask
dataset/with_mask/203-with-mask.jpg,with_mask
dataset/with_mask/204-with-mask.jpg,with_mask
dataset/with_mask/205-with-mask.jpg,with_mask
dataset/with_mask/206-with-mask.jpg,with_mask
dataset/with_mask/207-with-mask.jpg,with_mask
dataset/with_mask/209-with-mask.jpg,with_mask
dataset/with_mask/21-with-mask.jpg,with_mask
dataset/with_mask/21.jpg,with_mask
dataset/with_mask/211-with-mask.jpg,with_mask
dataset/with_mask/212-with-mask.jpg,with_mask
dataset/with_mask/214-with-mask.jpg,with_mask
dataset/with_mask/215-with-mask.jpg,with_mask
dataset/with_mask/217-with-mask.jpg,with_mask
dataset/with_mask/218-with-mask.jpg,with_mask
dataset/with_mask/219-with-mask.jpg,with_mask
dataset/with_mask/22.jpg,with_mask
dataset/with_mask/221-with-mask.jpg,with_mask
dataset/with_mask/222-with-mask.jpg,with_mask
dataset/with_mask/223-with-mask.jpg,with_mask
dataset/with_mask/224-with-mask.jpg,with_mask
dataset/with_mask/225-with-mask.jpg,with_mask
dataset/with_mask/226-with-mask.jpg,with_mask
dataset/with_mask/227-with-mask.jpg,with_mask
dataset/with_mask/228-with-mask.jpg,with_mask
dataset/with_mask/229-with-mask.jpg,with_mask
dataset/with_mask/23-with-mask.jpg,with_mask
dataset/with_mask/23.jpg,with_mask
dataset/with_mask/231-with-mask.jpg,with_mask
dataset/with_mask/232-with-mask.jpg,with_mask
dataset/with_mask/233-with-mask.jpg,with_mask
dataset/with_mask/234-with-mask.jpg,with_mask
dataset/with_mask/235-with-mask.jpg,with_mask
dataset/with_mask/236-with-mask.jpg,with_mask
dataset/with_mask/237-with-mask.jpg,with_mask
dataset/with_mask/238-with-mask.jpg,with_mask
dataset/with_mask/239-with-mask.jpg,with_mask
dataset/with_mask/24-with-mask.jpg,with_mask
dataset/with_mask/24.jpg,with_mask
dataset/with_mask/240-with-mask.jpg,with_mask
dataset/with_mask/241-with-mask.jpg,with_mask
dataset/with_mask/242-with-mask.jpg,with_mask
dataset/with_mask/243-with-mask.jpg,with_mask
dataset/with_mask/244-with-mask.jpg,with_mask
dataset/with_mask/245-with-mask.jpg,with_mask
dataset/with_mask/246-with-mask.jpg,with_mask
dataset/with_mask/25-with-mask.jpg,with_mask
dataset/with_mask/25.jpg,with_mask
dataset/with_mask/251-with-mask.jpg,with_mask
dataset/with_mask/252-with-mask.jpg,with_mask
dataset/with_mask/253-with-mask.jpg,with_mask
dataset/with_mask/254-with-mask.jpg,with_mask
dataset/with_mask/255-with-mask.jpg,with_mask
dataset/with_mask/256-with-mask.jpg,with_mask
dataset/with_mask/257-with-mask.jpg,with_mask
dataset/with_mask/259-with-mask.jpg,with_mask
dataset/with_mask/26-with-mask.jpg,with_mask
dataset/with_mask/26.jpg,with_mask
dataset/with_mask/260-with-mask.jpg,with_mask
dataset/with_mask/261-with-mask.jpg,with_mask
dataset/with_mask/262-with-mask.jpg,with_mask
dataset/with_mask/263-with-mask.jpg,with_mask
dataset/with_mask/267-with-mask.jpg,with_mask
dataset/with_mask/268-with-mask.jpg,with_mask
dataset/with_mask/269-with-mask.jpg,with_mask
dataset/with_mask/27-with-mask.jpg,with_mask
dataset/with_mask/27.jpg,with_mask
dataset/with_mask/270-with-mask.jpg,with_mask
dataset/with_mask/272-with-mask.jpg,with_mask
dataset/with_mask/273-with-mask.jpg,with_mask
dataset/with_mask/274-with-mask.jpg,with_mask
dataset/with_mask/275-with-mask.jpg,with_mask
dataset/with_mask/276-with-mask.jpg,with_mask
dataset/with_mask/277-with-mask.jpg,with_mask
dataset/with_mask/278-with-mask.jpg,with_mask
dataset/with_mask/279-with-mask.jpg,with_mask
dataset/with_mask/28.jpg,with_mask
dataset/with_mask/281-with-mask.jpg,with_mask
dataset/with_mask/282-with-mask.jpg,with_mask
dataset/with_mask/283-with-mask.jpg,with_mask
dataset/with_mask/284-with-mask.jpg,with_mask
dataset/with_mask/285-with-mask.jpg,with_mask
dataset/with_mask/286-with-mask.jpg,with_mask
dataset/with_mask/287-with-mask.jpg,with_mask
dataset/with_mask/288-with-mask.jpg,with_mask
dataset/with_mask/289-with-mask.jpg,with_mask
dataset/with_mask/29-with-mask.jpg,with_mask
dataset/with_mask/29.jpg,with_mask
dataset/with_mask/290-with-mask.jpg,with_mask
dataset/with_mask/291-with-mask.jpg,with_mask
dataset/with_mask/293-with-mask.jpg,with_mask
dataset/with_mask/294-with-mask.jpg,with_mask
dataset/with_mask/295-with-mask.jpg,with_mask
dataset/with_mask/296-with-mask.jpg,with_mask
dataset/with_mask/297-with-mask.jpg,with_mask
dataset/with_mask/298-with-mask.jpg,with_mask
dataset/with_mask/299-with-mask.jpg,with_mask
dataset/with_mask/3-with-mask.jpg,with_mask
dataset/with_mask/30-with-mask.jpg,with_mask
dataset/with_mask/30.jpg,with_mask
dataset/with_mask/301-with-mask.jpg,with_mask
dataset/with_mask/302-with-mask.jpg,with_mask
dataset/with_mask/303-with-mask.jpg,with_mask
dataset/with_mask/304-with-mask.jpg,with_mask
dataset/with_mask/305-with-mask.jpg,with_mask
dataset/with_mask/306-with-mask.jpg,with_mask
dataset/with_mask/307-with-mask.jpg,with_mask
dataset/with_mask/308-with-mask.jpg,with_mask
dataset/with_mask/309-with-mask.jpg,with_mask
dataset/with_mask/31-with-mask.jpg,with_mask
dataset/with_mask/31.jpg,with_mask
dataset/with_mask/311-with-mask.jpg,with_mask
dataset/with_mask/313-with-mask.jpg,with_mask
dataset/with_mask/314-with-mask.jpg,with_mask
dataset/with_mask/315-with-mask.jpg,with_mask
dataset/with_mask/316-with-mask.jpg,with_mask
dataset/with_mask/317-with-mask.jpg,with_mask
dataset/with_mask/318-with-mask.jpg,with_mask
dataset/with_mask/319-with-mask.jpg,with_mask
dataset/with_mask/32-with-mask.jpg,with_mask
dataset/with_mask/32.jpg,with_mask
dataset/with_mask/322-with-mask.jpg,with_mask
dataset/with_mask/323-with-mask.jpg,with_mask
dataset/with_mask/324-with-mask.jpg,with_mask
dataset/with_mask/325-with-mask.jpg,with_mask
dataset/with_mask/326-with-mask.jpg,with_mask
dataset/with_mask/327-with-mask.jpg,with_mask
dataset/with_mask/33-with-mask.jpg,with_mask
dataset/with_mask/33.jpg,with_mask
dataset/with_mask/330-with-mask.jpg,with_mask
dataset/with_mask/331-with-mask.jpg,with_mask
dataset/with_mask/332-with-mask.jpg,with_mask
dataset/with_mask/333-with-mask.jpg,with_mask
dataset/with_mask/334-with-mask.jpg,with_mask
dataset/with_mask/335-with-mask.jpg,with_mask
dataset/with_mask/336-with-mask.jpg,with_mask
dataset/with_mask/338-with-mask.jpg,with_mask
dataset/with_mask/339-with-mask.jpg,with_mask
dataset/with_mask/34-with-mask.jpg,with_mask
dataset/with_mask/34.jpg,with_mask
dataset/with_mask/340-with-mask.jpg,with_mask
dataset/with_mask/342-with-mask.jpg,with_mask
dataset/with_mask/343-with-mask.jpg,with_mask
dataset/with_mask/344-with-mask.jpg,with_mask
dataset/with_mask/345-with-mask.jpg,with_mask
dataset/with_mask/346-with-mask.jpg,with_mask
dataset/with_mask/347-with-mask.jpg,with_mask
dataset/with_mask/348-with-mask.jpg,with_mask
dataset/with_mask/349-with-mask.jpg,with_mask
dataset/with_mask/35-with-mask.jpg,with_mask
dataset/with_mask/35.jpg,with_mask
dataset/with_mask/351-with-mask.jpg,with_mask
dataset/with_mask/353-with-mask.jpg,with_mask
dataset/with_mask/355-with-mask.jpg,with_mask
dataset/with_mask/356-with-mask.jpg,with_mask
dataset/with_mask/357-with-mask.jpg,with_mask
dataset/with_mask/358-with-mask.jpg,with_mask
dataset/with_mask/359-with-mask.jpg,with_mask
dataset/with_mask/36-with-mask.jpg,with_mask
dataset/with_mask/36.jpg,with_mask
dataset/with_mask/362-with-mask.jpg,with_mask
dataset/with_mask/364-with-mask.jpg,with_mask
dataset/with_mask/365-with-mask.jpg,with_mask
dataset/with_mask/366-with-mask.jpg,with_mask
dataset/with_mask/368-with-mask.jpg,with_mask
dataset/with_mask/369-with-mask.jpg,with_mask
dataset/with_mask/37-with-mask.jpg,with_mask
dataset/with_mask/37.jpg,with_mask
dataset/with_mask/374-with-mask.jpg,with_mask
dataset/with_mask/375-with-mask.jpg,with_mask
dataset/with_mask/376-with-mask.jpg,with_mask
dataset/with_mask/377-with-mask.jpg,with_mask
dataset/with_mask/378-with-mask.jpg,with_mask
dataset/with_mask/379-with-mask.jpg,with_mask
dataset/with_mask/38-with-mask.jpg,with_mask
dataset/with_mask/38.jpg,with_mask
dataset/with_mask/380-with-mask.jpg,with_mask
dataset/with_mask/381-with-mask.jpg,with_mask
dataset/with_mask/382-with-mask.jpg,with_mask
dataset/with_mask/383-with-mask.jpg,with_mask
dataset/with_mask/384-with-mask.jpg,with_mask
dataset/with_mask/385-with-mask.jpg,with_mask
dataset/with_mask/386-with-mask.jpg,with_mask
dataset/with_mask/387-with-mask.jpg,with_mask
dataset/with_mask/39-with-mask.jpg,with_mask
dataset/with_mask/39.jpg,with_mask
dataset/with_mask/390-with-mask.jpg,with_mask
dataset/with_mask/391-with-mask.jpg,with_mask
dataset/with_mask/392-with-mask.jpg,with_mask
dataset/with_mask/393-with-mask.jpg,with_mask
dataset/with_mask/394-with-mask.jpg,with_mask
dataset/with_mask/395-with-mask.jpg,with_mask
dataset/with_mask/396-with-mask.jpg,with_mask
dataset/with_mask/397-with-mask.jpg,with_mask
dataset/with_mask/398-with-mask.jpg,with_mask
dataset/with_mask/399-with-mask.jpg,with_mask
dataset/with_mask/4-with-mask.jpg,with_mask
dataset/with_mask/40-with-mask.jpg,with_mask
dataset/with_mask/40.jpg,with_mask
dataset/with_mask/400-with-mask.jpg,with_mask
dataset/with_mask/401-with-mask.jpg,with_mask
dataset/with_mask/402-with-mask.jpg,with_mask
dataset/with_mask/404-with-mask.jpg,with_mask
dataset/with_mask/405-with-mask.jpg,with_mask
dataset/with_mask/406-with-mask.jpg,with_mask
dataset/with_mask/407-with-mask.jpg,with_mask
dataset/with_mask/408-with-mask.jpg,with_mask
dataset/with_mask/409-with-mask.jpg,with_mask
dataset/with_mask/41-with-mask.jpg,with_mask
dataset/with_mask/41.jpg,with_mask
dataset/with_mask/411-with-mask.jpg,with_mask
dataset/with_mask/413-with-mask.jpg,with_mask
dataset/with_mask/414-with-mask.jpg,with_mask
dataset/with_mask/415-with-mask.jpg,with_mask
dataset/with_mask/416-with-mask.jpg,with_mask
dataset/with_mask/417-with-mask.jpg,with_mask
dataset/with_mask/418-with-mask.jpg,with_mask
dataset/with_mask/419-with-mask.jpg,with_mask
dataset/with_mask/42-with-mask.jpg,with_mask
dataset/with_mask/42.jpg,with_mask
dataset/with_mask/420-with-mask.jpg,with_mask
dataset/with_mask/421-with-mask.jpg,with_mask
dataset/with_mask/422-with-mask.jpg,with_mask
dataset/with_mask/424-with-mask.jpg,with_mask
dataset/with_mask/425-with-mask.jpg,with_mask
dataset/with_mask/426-with-mask.jpg,with_mask
dataset/with_mask/427-with-mask.jpg,with_mask
dataset/with_mask/429-with-mask.jpg,with_mask
dataset/with_mask/43-with-mask.jpg,with_mask
dataset/with_mask/43.jpg,with_mask
dataset/with_mask/430-with-mask.jpg,with_mask
dataset/with_mask/431-with-mask.jpg,with_mask
dataset/with_mask/432-with-mask.jpg,with_mask
dataset/with_mask/433-with-mask.jpg,with_mask
dataset/with_mask/434-with-mask.jpg,with_mask
dataset/with_mask/435-with-mask.jpg,with_mask
dataset/with_mask/436-with-mask.jpg,with_mask
dataset/with_mask/438-with-mask.jpg,with_mask
dataset/with_mask/439-with-mask.jpg,with_mask
dataset/with_mask/44.jpg,with_mask
dataset/with_mask/440-with-mask.jpg,with_mask
dataset/with_mask/441-with-mask.jpg,with_mask
dataset/with_mask/45-with-mask.jpg,with_mask
dataset/with_mask/45.jpg,with_mask
dataset/with_mask/46-with-mask.jpg,with_mask
dataset/with_mask/46.jpg,with_mask
dataset/with_mask/47-with-mask.jpg,with_mask
dataset/with_mask/47.jpg,with_mask
dataset/with_mask/48-with-mask.jpg,with_mask
dataset/with_mask/48.jpg,with_mask
dataset/with_mask/49-with-mask.jpg,with_mask
dataset/with_mask/49.jpg,with_mask
dataset/with_mask/5-with-mask.jpg,with_mask
dataset/with_mask/50-with-mask.jpg,with_mask
dataset/with_mask/50.jpg,with_mask
dataset/with_mask/51-with-mask.jpg,with_mask
dataset/with_mask/51.jpg,with_mask
dataset/with_mask/52-with-mask.jpg,with_mask
dataset/with_mask/52.jpg,with_mask
dataset/with_mask/53-with-mask.jpg,with_mask
dataset/with_mask/53.jpg,with_mask
dataset/with_mask/54.jpg,with_mask
dataset/with_mask/55.jpg,with_mask
dataset/with_mask/56-with-mask.jpg,with_mask
dataset/with_mask/56.jpg,with_mask
dataset/with_mask/57-with-mask.jpg,with_mask
dataset/with_mask/57.jpg,with_mask
dataset/with_mask/58.jpg,with_mask
dataset/with_mask/59-with-mask.jpg,with_mask
dataset/with_mask/59.jpg,with_mask
dataset/with_mask/6-with-mask.jpg,with_mask
dataset/with_mask/6.jpg,with_mask
dataset/with_mask/60.jpg,with_mask
dataset/with_mask/61-with-mask.jpg,with_mask
dataset/with_mask/61.jpg,with_mask
dataset/with_mask/62-with-mask.jpg,with_mask
dataset/with_mask/62.jpg,with_mask
dataset/with_mask/63.jpg,with_mask
dataset/with_mask/64-with-mask.jpg,with_mask
dataset/with_mask/64.jpg,with_mask
dataset/with_mask/65-with-mask.jpg,with_mask
dataset/with_mask/65.jpg,with_mask
dataset/with_mask/66.jpg,with_mask
dataset/with_mask/67-with-mask.jpg,with_mask
dataset/with_mask/67.jpg,with_mask
dataset/with_mask/68-with-mask.jpg,with_mask
dataset/with_mask/68.jpg,with_mask
dataset/with_mask/69.jpg,with_mask
dataset/with_mask/7-with-mask.jpg,with_mask
dataset/with_mask/7.jpg,with_mask
dataset/with_mask/70-with-mask.jpg,with_mask
dataset/with_mask/70.jpg,with_mask
dataset/with_mask/71-with-mask.jpg,with_mask
dataset/with_mask/71.jpg,with_mask
dataset/with_mask/72-with-mask.jpg,with_mask
dataset/with_mask/72.jpg,with_mask
dataset/with_mask/73-with-mask.jpg,with_mask
dataset/with_mask/73.jpg,with_mask
dataset/with_mask/74-with-mask.jpg,with_mask
dataset/with_mask/74.jpg,with_mask
dataset/with_mask/75-with-mask.jpg,with_mask
dataset/with_mask/75.jpg,with_mask
dataset/with_mask/76-with-mask.jpg,with_mask
dataset/with_mask/76.jpg,with_mask
dataset/with_mask/77-with-mask.jpg,with_mask
dataset/with_mask/77.jpg,with_mask
dataset/with_mask/78-with-mask.jpg,with_mask
dataset/with_mask/78.jpg,with_mask
dataset/with_mask/79-with-mask.jpg,with_mask
dataset/with_mask/79.jpg,with_mask
dataset/with_mask/8-with-mask.jpg,with_mask
dataset/with_mask/8.jpg,with_mask
dataset/with_mask/80-with-mask.jpg,with_mask
dataset/with_mask/80.jpg,with_mask
dataset/with_mask/81-with-mask.jpg,with_mask
dataset/with_mask/81.jpg,with_mask
dataset/with_mask/82-with-mask.jpg,with_mask
dataset/with_mask/82.jpg,with_mask
dataset/with_mask/83-with-mask.jpg,with_mask
dataset/with_mask/83.jpg,with_mask
dataset/with_mask/84-with-mask.jpg,with_mask
dataset/with_mask/84.jpg,with_mask
dataset/with_mask/85-with-mask.jpg,with_mask
dataset/with_mask/85.jpg,with_mask
dataset/with_mask/86-with-mask.jpg,with_mask
dataset/with_mask/86.jpg,with_mask
dataset/with_mask/87.jpg,with_mask
dataset/with_mask/88-with-mask.jpg,with_mask
dataset/with_mask/88.jpg,with_mask
dataset/with_mask/89-with-mask.jpg,with_mask
dataset/with_mask/89.jpg,with_mask
dataset/with_mask/9-with-mask.jpg,with_mask
dataset/with_mask/9.jpg,with_mask
dataset/with_mask/91-with-mask.jpg,with_mask
dataset/with_mask/91.jpg,with_mask
dataset/with_mask/92-with-mask.jpg,with_mask
dataset/with_mask/92.jpg,with_mask
dataset/with_mask/93-with-mask.jpg,with_mask
dataset/with_mask/93.jpg,with_mask
dataset/with_mask/94-with-mask.jpg,with_mask
dataset/with_mask/94.jpg,with_mask
dataset/with_mask/95.jpg,with_mask
dataset/with_mask/96-with-mask.jpg,with_mask
dataset/with_mask/97-with-mask.jpg,with_mask
dataset/with_mask/97.jpg,with_mask
dataset/with_mask/98-with-mask.jpg,with_mask
dataset/with_mask/98.jpg,with_mask
dataset/with_mask/99-with-mask.jpg,with_mask
dataset/with_mask/99.jpg,with_mask
dataset/without_mask/0.jpg,without_mask
dataset/without_mask/1.jpg,without_mask
dataset/without_mask/10.jpg,without_mask
dataset/without_mask/100.jpg,without_mask
dataset/without_mask/101.jpg,without_mask
dataset/without_mask/102.jpg,without_mask
dataset/without_mask/104.jpg,without_mask
dataset/without_mask/105.jpg,without_mask
dataset/without_mask/106.jpg,without_mask
dataset/without_mask/107.jpg,without_mask
dataset/without_mask/108.jpg,without_mask
dataset/without_mask/109.jpg,without_mask
dataset/without_mask/11.jpg,without_mask
dataset/without_mask/110.jpg,without_mask
dataset/without_mask/111.jpg,without_mask
dataset/without_mask/112.jpg,without_mask
dataset/without_mask/114.jpg,without_mask
dataset/without_mask/115.jpg,without_mask
dataset/without_mask/116.jpg,without_mask
dataset/without_mask/117.jpg,without_mask
dataset/without_mask/118.jpg,without_mask
dataset/without_mask/119.jpg,without_mask
dataset/without_mask/12.jpg,without_mask
dataset/without_mask/120.jpg,without_mask
dataset/without_mask/122.jpg,without_mask
dataset/without_mask/123.jpg,without_mask
dataset/without_mask/124.jpg,without_mask
dataset/without_mask/125.jpg,without_mask
dataset/without_mask/127.jpg,without_mask
dataset/without_mask/128.jpg,without_mask
dataset/without_mask/129.jpg,without_mask
dataset/without_mask/13.jpg,without_mask
dataset/without_mask/130.jpg,without_mask
dataset/without_mask/131.jpg,without_mask
dataset/without_mask/132.jpg,without_mask
dataset/without_mask/133.jpg,without_mask
dataset/without_mask/134.jpg,without_mask
dataset/without_mask/135.jpg,without_mask
dataset/without_mask/136.jpg,without_mask
dataset/without_mask/137.jpg,without_mask
dataset/without_mask/138.jpg,without_mask
dataset/without_mask/139.jpg,without_mask
dataset/without_mask/14.jpg,without_mask
dataset/without_mask/140.jpg,without_mask
dataset/without_mask/141.jpg,without_mask
dataset/without_mask/142.jpg,without_mask
dataset/without_mask/143.jpg,without_mask
dataset/without_mask/145.jpg,without_mask
dataset/without_mask/146.jpg,without_mask
dataset/without_mask/148.jpg,without_mask
dataset/without_mask/149.jpg,without_mask
dataset/without_mask/15.jpg,without_mask
dataset/without_mask/151.jpg,without_mask
dataset/without_mask/152.jpg,without_mask
dataset/without_mask/153.jpg,without_mask
dataset/without_mask/154.jpg,without_mask
dataset/without_mask/155.jpg,without_mask
dataset/without_mask/156.jpg,without_mask
dataset/without_mask/157.jpg,without_mask
dataset/without_mask/158.jpg,without_mask
dataset/without_mask/159.jpg,without_mask
dataset/without_mask/16.jpg,without_mask
dataset/without_mask/160.jpg,without_mask
dataset/without_mask/161.jpg,without_mask
dataset/without_mask/162.jpg,without_mask
dataset/without_mask/163.jpg,without_mask
dataset/without_mask/164.jpg,without_mask
dataset/without_mask/166.jpg,without_mask
dataset/without_mask/168.jpg,without_mask
dataset/without_mask/169.jpg,without_mask
dataset/without_mask/17.jpg,without_mask
dataset/without_mask/170.jpg,without_mask
dataset/without_mask/171.jpg,without_mask
dataset/without_mask/172.jpg,without_mask
dataset/without_mask/173.jpg,without_mask
dataset/without_mask/174.jpg,without_mask
dataset/without_mask/175.jpg,without_mask
dataset/without_mask/176.jpg,without_mask
dataset/without_mask/177.jpg,without_mask
dataset/without_mask/178.jpg,without_mask
dataset/without_mask/179.jpg,without_mask
dataset/without_mask/18.jpg,without_mask
dataset/without_mask/180.jpg,without_mask
dataset/without_mask/181.jpg,without_mask
dataset/without_mask/183.jpg,without_mask
dataset/without_mask/184.jpg,without_mask
dataset/without_mask/185.jpg,without_mask
dataset/without_mask/186.jpg,without_mask
dataset/without_mask/187.jpg,without_mask
dataset/without_mask/188.jpg,without_mask
dataset/without_mask/19.jpg,without_mask
dataset/without_mask/191.jpg,without_mask
dataset/without_mask/192.jpg,without_mask
dataset/without_mask/193.jpg,without_mask
dataset/without_mask/194.jpg,without_mask
dataset/without_mask/195.jpg,without_mask
dataset/without_mask/196.jpg,without_mask
dataset/without_mask/197.jpg,without_mask
dataset/without_mask/198.jpg,without_mask
dataset/without_mask/2.jpg,without_mask
dataset/without_mask/20.jpg,without_mask
dataset/without_mask/201.jpg,without_mask
dataset/without_mask/203.jpg,without_mask
dataset/without_mask/204.jpg,without_mask
dataset/without_mask/206.jpg,without_mask
dataset/without_mask/207.jpg,without_mask
dataset/without_mask/208.jpg,without_mask
dataset/without_mask/210.jpg,without_mask
dataset/without_mask/211.jpg,without_mask
dataset/without_mask/212.jpg,without_mask
dataset/without_mask/213.jpg,without_mask
dataset/without_mask/214.jpg,without_mask
dataset/without_mask/215.jpg,without_mask
dataset/without_mask/216.jpg,without_mask
dataset/without_mask/217.jpg,without_mask
dataset/without_mask/218.jpg,without_mask
dataset/without_mask/22.jpg,without_mask
dataset/without_mask/220.jpg,without_mask
dataset/without_mask/221.jpg,without_mask
dataset/without_mask/222.jpg,without_mask
dataset/without_mask/223.jpg,without_mask
dataset/without_mask/224.jpg,without_mask
dataset/without_mask/225.jpg,without_mask
dataset/without_mask/226.jpg,without_mask
dataset/without_mask/227.jpg,without_mask
dataset/without_mask/228.jpg,without_mask
dataset/without_mask/229.jpg,without_mask
dataset/without_mask/23.jpg,without_mask
dataset/without_mask/230.jpg,without_mask
dataset/without_mask/231.jpg,without_mask
dataset/without_mask/232.jpg,without_mask
dataset/without_mask/233.jpg,without_mask
dataset/without_mask/234.jpg,without_mask
dataset/without_mask/237.jpg,without_mask
dataset/without_mask/239.jpg,without_mask
dataset/without_mask/24.jpg,without_mask
dataset/without_mask/240.jpg,without_mask
dataset/without_mask/241.jpg,without_mask
dataset/without_mask/242.jpg,without_mask
dataset/without_mask/243.jpg,without_mask
dataset/without_mask/244.jpg,without_mask
dataset/without_mask/246.jpg,without_mask
dataset/without_mask/247.jpg,without_mask
dataset/without_mask/248.jpg,without_mask
dataset/without_mask/249.jpg,without_mask
dataset/without_mask/250.jpg,without_mask
dataset/without_mask/251.jpg,without_mask
dataset/without_mask/252.jpg,without_mask
dataset/without_mask/253.jpg,without_mask
dataset/without_mask/254.jpg,without_mask
dataset/without_mask/255.jpg,without_mask
dataset/without_mask/256.jpg,without_mask
dataset/without_mask/258.jpg,without_mask
dataset/without_mask/259.jpg,without_mask
dataset/without_mask/26.jpg,without_mask
dataset/without_mask/260.jpg,without_mask
dataset/without_mask/261.jpg,without_mask
dataset/without_mask/262.jpg,without_mask
dataset/without_mask/263.jpg,without_mask
dataset/without_mask/264.jpg,without_mask
dataset/without_mask/265.jpg,without_mask
dataset/without_mask/266.jpg,without_mask
dataset/without_mask/267.jpg,without_mask
dataset/without_mask/269.jpg,without_mask
dataset/without_mask/27.jpg,without_mask
dataset/without_mask/270.jpg,without_mask
dataset/without_mask/271.jpg,without_mask
dataset/without_mask/275.jpg,without_mask
dataset/without_mask/276.jpg,without_mask
dataset/without_mask/278.jpg,without_mask
dataset/without_mask/28.jpg,without_mask
dataset/without_mask/280.jpg,without_mask
dataset/without_mask/281.jpg,without_mask
dataset/without_mask/282.jpg,without_mask
dataset/without_mask/283.jpg,without_mask
dataset/without_mask/284.jpg,without_mask
dataset/without_mask/285.jpg,without_mask
dataset/without_mask/286.jpg,without_mask
dataset/without_mask/287.jpg,without_mask
dataset/without_mask/288.jpg,without_mask
dataset/without_mask/289.jpg,without_mask
dataset/without_mask/29.jpg,without_mask
dataset/without_mask/290.jpg,without_mask
dataset/without_mask/291.jpg,without_mask
dataset/without_mask/292.jpg,without_mask
dataset/without_mask/293.jpg,without_mask
dataset/without_mask/294.jpg,without_mask
dataset/without_mask/295.jpg,without_mask
dataset/without_mask/297.jpg,without_mask
dataset/without_mask/298.jpg,without_mask
dataset/without_mask/299.jpg,without_mask
dataset/without_mask/3.jpg,without_mask
dataset/without_mask/30.jpg,without_mask
dataset/without_mask/300.jpg,without_mask
dataset/without_mask/301.jpg,without_mask
dataset/without_mask/302.jpg,without_mask
dataset/without_mask/303.jpg,without_mask
dataset/without_mask/306.jpg,without_mask
dataset/without_mask/307.jpg,without_mask
dataset/without_mask/308.jpg,without_mask
dataset/without_mask/309.jpg,without_mask
dataset/without_mask/31.jpg,without_mask
dataset/without_mask/310.jpg,without_mask
dataset/without_mask/311.jpg,without_mask
dataset/without_mask/312.jpg,without_mask
dataset/without_mask/315.jpg,without_mask
dataset/without_mask/316.jpg,without_mask
dataset/without_mask/317.jpg,without_mask
dataset/without_mask/318.jpg,without_mask
dataset/without_mask/319.jpg,without_mask
dataset/without_mask/32.jpg,without_mask
dataset/without_mask/321.jpg,without_mask
dataset/without_mask/322.jpg,without_mask
dataset/without_mask/323.jpg,without_mask
dataset/without_mask/324.jpg,without_mask
dataset/without_mask/325.jpg,without_mask
dataset/without_mask/326.jpg,without_mask
dataset/without_mask/327.jpg,without_mask
dataset/without_mask/328.jpg,without_mask
dataset/without_mask/329.jpg,without_mask
dataset/without_mask/33.jpg,without_mask
dataset/without_mask/330.jpg,without_mask
dataset/without_mask/331.jpg,without_mask
dataset/without_mask/332.jpg,without_mask
dataset/without_mask/334.jpg,without_mask
dataset/without_mask/335.jpg,without_mask
dataset/without_mask/336.jpg,without_mask
dataset/without_mask/337.jpg,without_mask
dataset/without_mask/338.jpg,without_mask
dataset/without_mask/339.jpg,without_mask
dataset/without_mask/34.jpg,without_mask
dataset/without_mask/340.jpg,without_mask
dataset/without_mask/341.jpg,without_mask
dataset/without_mask/344.jpg,without_mask
dataset/without_mask/345.jpg,without_mask
dataset/without_mask/347.jpg,without_mask
dataset/without_mask/348.jpg,without_mask
dataset/without_mask/349.jpg,without_mask
dataset/without_mask/350.jpg,without_mask
dataset/without_mask/351.jpg,without_mask
dataset/without_mask/352.jpg,without_mask
dataset/without_mask/353.jpg,without_mask
dataset/without_mask/354.jpg,without_mask
dataset/without_mask/355.jpg,without_mask
dataset/without_mask/356.jpg,without_mask
dataset/without_mask/359.jpg,without_mask
dataset/without_mask/36.jpg,without_mask
dataset/without_mask/360.jpg,without_mask
dataset/without_mask/361.jpg,without_mask
dataset/without_mask/362.jpg,without_mask
dataset/without_mask/363.jpg,without_mask
dataset/without_mask/364.jpg,without_mask
dataset/without_mask/365.jpg,without_mask
dataset/without_mask/367.jpg,without_mask
dataset/without_mask/368.jpg,without_mask
dataset/without_mask/37.jpg,without_mask
dataset/without_mask/370.jpg,without_mask
dataset/without_mask/372.jpg,without_mask
dataset/without_mask/373.jpg,without_mask
dataset/without_mask/374.jpg,without_mask
dataset/without_mask/375.jpg,without_mask
dataset/without_mask/376.jpg,without_mask
dataset/without_mask/378.jpg,without_mask
dataset/without_mask/379.jpg,without_mask
dataset/without_mask/383.jpg,without_mask
dataset/without_mask/384.jpg,without_mask
dataset/without_mask/385.jpg,without_mask
dataset/without_mask/386.jpg,without_mask
dataset/without_mask/387.jpg,without_mask
dataset/without_mask/388.jpg,without_mask
dataset/without_mask/389.jpg,without_mask
dataset/without_mask/39.jpg,without_mask
dataset/without_mask/390.jpg,without_mask
dataset/without_mask/391.jpg,without_mask
dataset/without_mask/392.jpg,without_mask
dataset/without_mask/393.jpg,without_mask
dataset/without_mask/394.jpg,without_mask
dataset/without_mask/395.jpg,without_mask
dataset/without_mask/397.jpg,without_mask
dataset/without_mask/398.jpg,without_mask
dataset/without_mask/399.jpg,without_mask
dataset/without_mask/4.jpg,without_mask
dataset/without_mask/40.jpg,without_mask
dataset/without_mask/400.jpg,without_mask
dataset/without_mask/401.jpg,without_mask
dataset/without_mask/402.jpg,without_mask
dataset/without_mask/403.jpg,without_mask
dataset/without_mask/404.jpg,without_mask
dataset/without_mask/405.jpg,without_mask
dataset/without_mask/406.jpg,without_mask
dataset/without_mask/407.jpg,without_mask
dataset/without_mask/408.jpg,without_mask
dataset/without_mask/409.jpg,without_mask
dataset/without_mask/410.jpg,without_mask
dataset/without_mask/411.jpg,without_mask
dataset/without_mask/412.jpg,without_mask
dataset/without_mask/413.jpg,without_mask
dataset/without_mask/414.jpg,without_mask
dataset/without_mask/415.jpg,without_mask
dataset/without_mask/416.jpg,without_mask
dataset/without_mask/417.jpg,without_mask
dataset/without_mask/419.jpg,without_mask
dataset/without_mask/42.jpg,without_mask
dataset/without_mask/420.jpg,without_mask
dataset/without_mask/421.jpg,without_mask
dataset/without_mask/422.jpg,without_mask
dataset/without_mask/423.jpg,without_mask
dataset/without_mask/424.jpg,without_mask
dataset/without_mask/425.jpg,without_mask
dataset/without_mask/426.jpg,without_mask
dataset/without_mask/427.jpg,without_mask
dataset/without_mask/428.jpg,without_mask
dataset/without_mask/43.jpg,without_mask
dataset/without_mask/430.jpg,without_mask
dataset/without_mask/431.jpg,without_mask
dataset/without_mask/432.jpg,without_mask
dataset/without_mask/434.jpg,without_mask
dataset/without_mask/435.jpg,without_mask
dataset/without_mask/436.jpg,without_mask
dataset/without_mask/437.jpg,without_mask
dataset/without_mask/438.jpg,without_mask
dataset/without_mask/439.jpg,without_mask
dataset/without_mask/44.jpg,without_mask
dataset/without_mask/440.jpg,without_mask
dataset/without_mask/441.jpg,without_mask
dataset/without_mask/442.jpg,without_mask
dataset/without_mask/443.jpg,without_mask
dataset/without_mask/444.jpg,without_mask
dataset/without_mask/445.jpg,without_mask
dataset/without_mask/446.jpg,without_mask
dataset/without_mask/447.jpg,without_mask
dataset/without_mask/448.jpg,without_mask
dataset/without_mask/449.jpg,without_mask
dataset/without_mask/45.jpg,without_mask
dataset/without_mask/450.jpg,without_mask
dataset/without_mask/451.jpg,without_mask
dataset/without_mask/452.jpg,without_mask
dataset/without_mask/453.jpg,without_mask
dataset/without_mask/454.jpg,without_mask
dataset/without_mask/455.jpg,without_mask
dataset/without_mask/456.jpg,without_mask
dataset/without_mask/457.jpg,without_mask
dataset/without_mask/458.jpg,without_mask
dataset/without_mask/459.jpg,without_mask
dataset/without_mask/46.jpg,without_mask
dataset/without_mask/460.jpg,without_mask
dataset/without_mask/461.jpg,without_mask
dataset/without_mask/462.jpg,without_mask
dataset/without_mask/463.jpg,without_mask
dataset/without_mask/464.jpg,without_mask
dataset/without_mask/465.jpg,without_mask
dataset/without_mask/466.jpg,without_mask
dataset/without_mask/467.jpg,without_mask
dataset/without_mask/468.jpg,without_mask
dataset/without_mask/469.jpg,without_mask
dataset/without_mask/47.jpg,without_mask
dataset/without_mask/475.jpg,without_mask
dataset/without_mask/476.jpg,without_mask
dataset/without_mask/477.jpg,without_mask
dataset/without_mask/478.jpg,without_mask
dataset/without_mask/48.jpg,without_mask
dataset/without_mask/480.jpg,without_mask
dataset/without_mask/49.jpg,without_mask
dataset/without_mask/50.jpg,without_mask
dataset/without_mask/51.jpg,without_mask
dataset/without_mask/52.jpg,without_mask
dataset/without_mask/53.jpg,without_mask
dataset/without_mask/54.jpg,without_mask
dataset/without_mask/55.jpg,without_mask
dataset/without_mask/56.jpg,without_mask
dataset/without_mask/57.jpg,without_mask
dataset/without_mask/58.jpg,without_mask
dataset/without_mask/59.jpg,without_mask
dataset/without_mask/6.jpg,without_mask
dataset/without_mask/61.jpg,without_mask
dataset/without_mask/62.jpg,without_mask
dataset/without_mask/63.jpg,without_mask
dataset/without_mask/64.jpg,without_mask
dataset/without_mask/65.jpg,without_mask
dataset/without_mask/66.jpg,without_mask
dataset/without_mask/67.jpg,without_mask
dataset/without_mask/69.jpg,without_mask
dataset/without_mask/7.jpg,without_mask
dataset/without_mask/70.jpg,without_mask
dataset/without_mask/73.jpg,without_mask
dataset/without_mask/74.jpg,without_mask
dataset/without_mask/76.jpg,without_mask
dataset/without_mask/77.jpg,without_mask
dataset/without_mask/79.jpg,without_mask
dataset/without_mask/80.jpg,without_mask
dataset/without_mask/81.jpg,without_mask
dataset/without_mask/83.jpg,without_mask
dataset/without_mask/84.jpg,without_mask
dataset/without_mask/86.jpg,without_mask
dataset/without_mask/87.jpg,without_mask
dataset/without_mask/88.jpg,without_mask
dataset/without_mask/89.jpg,without_mask
dataset/without_mask/9.jpg,without_mask
dataset/without_mask/90.jpg,without_mask
dataset/without_mask/91.jpg,without_mask
dataset/without_mask/92.jpg,without_mask
dataset/without_mask/93.jpg,without_mask
dataset/without_mask/94.jpg,without_mask
dataset/without_mask/95.jpg,without_mask
dataset/without_mask/96.jpg,without_mask
dataset/without_mask/97.jpg,without_mask
dataset/without_mask/98.jpg,without_mask
dataset/without_mask/99.jpg,without_mask
dataset/without_mask/augmented_image_1.jpg,without_mask
dataset/without_mask/augmented_image_100.jpg,without_mask
dataset/without_mask/augmented_image_101.jpg,without_mask
dataset/without_mask/augmented_image_103.jpg,without_mask
dataset/without_mask/augmented_image_105.jpg,without_mask
dataset/without_mask/augmented_image_106.jpg,without_mask
dataset/without_mask/augmented_image_107.jpg,without_mask
dataset/without_mask/augmented_image_109.jpg,without_mask
dataset/without_mask/augmented_image_111.jpg,without_mask
dataset/without_mask/augmented_image_112.jpg,without_mask
dataset/without_mask/augmented_image_113.jpg,without_mask
dataset/without_mask/augmented_image_114.jpg,without_mask
dataset/without_mask/augmented_image_115.jpg,without_mask
dataset/without_mask/augmented_image_116.jpg,without_mask
dataset/without_mask/augmented_image_117.jpg,without_mask
dataset/without_mask/augmented_image_118.jpg,without_mask
dataset/without_mask/augmented_image_119.jpg,without_mask
dataset/without_mask/augmented_image_12.jpg,without_mask
dataset/without_mask/augmented_image_120.jpg,without_mask
dataset/without_mask/augmented_image_121.jpg,without_mask
dataset/without_mask/augmented_image_122.jpg,without_mask
dataset/without_mask/augmented_image_123.jpg,without_mask
dataset/without_mask/augmented_image_124.jpg,without_mask
dataset/without_mask/augmented_image_125.jpg,without_mask
dataset/without_mask/augmented_image_126.jpg,without_mask
dataset/without_mask/augmented_image_127.jpg,without_mask
dataset/without_mask/augmented_image_128.jpg,without_mask
dataset/without_mask/augmented_image_129.jpg,without_mask
dataset/without_mask/augmented_image_13.jpg,without_mask
dataset/without_mask/augmented_image_130.jpg,without_mask
dataset/without_mask/augmented_image_131.jpg,without_mask
dataset/without_mask/augmented_image_132.jpg,without_mask
dataset/without_mask/augmented_image_133.jpg,without_mask
dataset/without_mask/augmented_image_134.jpg,without_mask
dataset/without_mask/augmented_image_135.jpg,without_mask
dataset/without_mask/augmented_image_136.jpg,without_mask
dataset/without_mask/augmented_image_137.jpg,without_mask
dataset/without_mask/augmented_image_138.jpg,without_mask
dataset/without_mask/augmented_image_139.jpg,without_mask
dataset/without_mask/augmented_image_14.jpg,without_mask
dataset/without_mask/augmented_image_140.jpg,without_mask
dataset/without_mask/augmented_image_141.jpg,without_mask
dataset/without_mask/augmented_image_142.jpg,without_mask
dataset/without_mask/augmented_image_143.jpg,without_mask
dataset/without_mask/augmented_image_144.jpg,without_mask
dataset/without_mask/augmented_image_145.jpg,without_mask
dataset/without_mask/augmented_image_147.jpg,without_mask
dataset/without_mask/augmented_image_148.jpg,without_mask
dataset/without_mask/augmented_image_149.jpg,without_mask
dataset/without_mask/augmented_image_150.jpg,without_mask
dataset/without_mask/augmented_image_151.jpg,without_mask
dataset/without_mask/augmented_image_152.jpg,without_mask
dataset/without_mask/augmented_image_153.jpg,without_mask
dataset/without_mask/augmented_image_154.jpg,without_mask
dataset/without_mask/augmented_image_155.jpg,without_mask
dataset/without_mask/augmented_image_156.jpg,without_mask
dataset/without_mask/augmented_image_157.jpg,without_mask
dataset/without_mask/augmented_image_158.jpg,without_mask
dataset/without_mask/augmented_image_16.jpg,without_mask
dataset/without_mask/augmented_image_160.jpg,without_mask
dataset/without_mask/augmented_image_161.jpg,without_mask
dataset/without_mask/augmented_image_162.jpg,without_mask
dataset/without_mask/augmented_image_163.jpg,without_mask
dataset/without_mask/augmented_image_164.jpg,without_mask
dataset/without_mask/augmented_image_165.jpg,without_mask
dataset/without_mask/augmented_image_166.jpg,without_mask
dataset/without_mask/augmented_image_168.jpg,without_mask
dataset/without_mask/augmented_image_169.jpg,without_mask
dataset/without_mask/augmented_image_17.jpg,without_mask
dataset/without_mask/augmented_image_170.jpg,without_mask
dataset/without_mask/augmented_image_171.jpg,without_mask
dataset/without_mask/augmented_image_172.jpg,without_mask
dataset/without_mask/augmented_image_173.jpg,without_mask
dataset/without_mask/augmented_image_174.jpg,without_mask
dataset/without_mask/augmented_image_175.jpg,without_mask
dataset/without_mask/augmented_image_176.jpg,without_mask
dataset/without_mask/augmented_image_177.jpg,without_mask
dataset/without_mask/augmented_image_178.jpg,without_mask
dataset/without_mask/augmented_image_179.jpg,without_mask
dataset/without_mask/augmented_image_18.jpg,without_mask
dataset/without_mask/augmented_image_180.jpg,without_mask
dataset/without_mask/augmented_image_181.jpg,without_mask
dataset/without_mask/augmented_image_182.jpg,without_mask
dataset/without_mask/augmented_image_183.jpg,without_mask
dataset/without_mask/augmented_image_184.jpg,without_mask
dataset/without_mask/augmented_image_185.jpg,without_mask
dataset/without_mask/augmented_image_186.jpg,without_mask
dataset/without_mask/augmented_image_187.jpg,without_mask
dataset/without_mask/augmented_image_188.jpg,without_mask
dataset/without_mask/augmented_image_189.jpg,without_mask
dataset/without_mask/augmented_image_19.jpg,without_mask
dataset/without_mask/augmented_image_191.jpg,without_mask
dataset/without_mask/augmented_image_192.jpg,without_mask
dataset/without_mask/augmented_image_193.jpg,without_mask
dataset/without_mask/augmented_image_194.jpg,without_mask
dataset/without_mask/augmented_image_196.jpg,without_mask
dataset/without_mask/augmented_image_197.jpg,without_mask
dataset/without_mask/augmented_image_198.jpg,without_mask
dataset/without_mask/augmented_image_199.jpg,without_mask
dataset/without_mask/augmented_image_2.jpg,without_mask
dataset/without_mask/augmented_image_20.jpg,without_mask
dataset/without_mask/augmented_image_200.jpg,without_mask
dataset/without_mask/augmented_image_201.jpg,without_mask
dataset/without_mask/augmented_image_202.jpg,without_mask
dataset/without_mask/augmented_image_203.jpg,without_mask
dataset/without_mask/augmented_image_204.jpg,without_mask
dataset/without_mask/augmented_image_205.jpg,without_mask
dataset/without_mask/augmented_image_206.jpg,without_mask
dataset/without_mask/augmented_image_207.jpg,without_mask
dataset/without_mask/augmented_image_208.jpg,without_mask
dataset/without_mask/augmented_image_209.jpg,without_mask
dataset/without_mask/augmented_image_21.jpg,without_mask
dataset/without_mask/augmented_image_210.jpg,without_mask
dataset/without_mask/augmented_image_211.jpg,without_mask
dataset/without_mask/augmented_image_214.jpg,without_mask
dataset/without_mask/augmented_image_215.jpg,without_mask
dataset/without_mask/augmented_image_216.jpg,without_mask
dataset/without_mask/augmented_image_219.jpg,without_mask
dataset/without_mask/augmented_image_22.jpg,without_mask
dataset/without_mask/augmented_image_220.jpg,without_mask
dataset/without_mask/augmented_image_221.jpg,without_mask
dataset/without_mask/augmented_image_222.jpg,without_mask
dataset/without_mask/augmented_image_223.jpg,without_mask
dataset/without_mask/augmented_image_224.jpg,without_mask
dataset/without_mask/augmented_image_225.jpg,without_mask
dataset/without_mask/augmented_image_226.jpg,without_mask
dataset/without_mask/augmented_image_227.jpg,without_mask
dataset/without_mask/augmented_image_229.jpg,without_mask
dataset/without_mask/augmented_image_23.jpg,without_mask
dataset/without_mask/augmented_image_230.jpg,without_mask
dataset/without_mask/augmented_image_231.jpg,without_mask
dataset/without_mask/augmented_image_232.jpg,without_mask
dataset/without_mask/augmented_image_233.jpg,without_mask
dataset/without_mask/augmented_image_234.jpg,without_mask
dataset/without_mask/augmented_image_235.jpg,without_mask
dataset/without_mask/augmented_image_236.jpg,without_mask
dataset/without_mask/augmented_image_237.jpg,without_mask
dataset/without_mask/augmented_image_238.jpg,without_mask
dataset/without_mask/augmented_image_239.jpg,without_mask
dataset/without_mask/augmented_image_240.jpg,without_mask
dataset/without_mask/augmented_image_241.jpg,without_mask
dataset/without_mask/augmented_image_243.jpg,without_mask
dataset/without_mask/augmented_image_244.jpg,without_mask
dataset/without_mask/augmented_image_245.jpg,without_mask
dataset/without_mask/augmented_image_246.jpg,without_mask
dataset/without_mask/augmented_image_249.jpg,without_mask
dataset/without_mask/augmented_image_25.jpg,without_mask
dataset/without_mask/augmented_image_250.jpg,without_mask
dataset/without_mask/augmented_image_251.jpg,without_mask
dataset/without_mask/augmented_image_252.jpg,without_mask
dataset/without_mask/augmented_image_253.jpg,without_mask
dataset/without_mask/augmented_image_254.jpg,without_mask
dataset/without_mask/augmented_image_255.jpg,without_mask
dataset/without_mask/augmented_image_256.jpg,without_mask
dataset/without_mask/augmented_image_257.jpg,without_mask
dataset/without_mask/augmented_image_258.jpg,without_mask
dataset/without_mask/augmented_image_260.jpg,without_mask
dataset/without_mask/augmented_image_262.jpg,without_mask
dataset/without_mask/augmented_image_263.jpg,without_mask
dataset/without_mask/augmented_image_265.jpg,without_mask
dataset/without_mask/augmented_image_266.jpg,without_mask
dataset/without_mask/augmented_image_267.jpg,without_mask
dataset/without_mask/augmented_image_269.jpg,without_mask
dataset/without_mask/augmented_image_27.jpg,without_mask
dataset/without_mask/augmented_image_270.jpg,without_mask
dataset/without_mask/augmented_image_271.jpg,without_mask
dataset/without_mask/augmented_image_272.jpg,without_mask
dataset/without_mask/augmented_image_273.jpg,without_mask
dataset/without_mask/augmented_image_275.jpg,without_mask
dataset/without_mask/augmented_image_276.jpg,without_mask
dataset/without_mask/augmented_image_277.jpg,without_mask
dataset/without_mask/augmented_image_278.jpg,without_mask
dataset/without_mask/augmented_image_279.jpg,without_mask
dataset/without_mask/augmented_image_280.jpg,without_mask
dataset/without_mask/augmented_image_281.jpg,without_mask
dataset/without_mask/augmented_image_282.jpg,without_mask
dataset/without_mask/augmented_image_283.jpg,without_mask
dataset/without_mask/augmented_image_284.jpg,without_mask
dataset/without_mask/augmented_image_285.jpg,without_mask
dataset/without_mask/augmented_image_286.jpg,without_mask
dataset/without_mask/augmented_image_287.jpg,without_mask
dataset/without_mask/augmented_image_290.jpg,without_mask
dataset/without_mask/augmented_image_291.jpg,without_mask
dataset/without_mask/augmented_image_292.jpg,without_mask
dataset/without_mask/augmented_image_293.jpg,without_mask
dataset/without_mask/augmented_image_294.jpg,without_mask
dataset/without_mask/augmented_image_295.jpg,without_mask
dataset/without_mask/augmented_image_296.jpg,without_mask
dataset/without_mask/augmented_image_297.jpg,without_mask
dataset/without_mask/augmented_image_298.jpg,without_mask
dataset/without_mask/augmented_image_299.jpg,without_mask
dataset/without_mask/augmented_image_3.jpg,without_mask
dataset/without_mask/augmented_image_30.jpg,without_mask
dataset/without_mask/augmented_image_301.jpg,without_mask
dataset/without_mask/augmented_image_302.jpg,without_mask
dataset/without_mask/augmented_image_303.jpg,without_mask
dataset/without_mask/augmented_image_304.jpg,without_mask
dataset/without_mask/augmented_image_305.jpg,without_mask
dataset/without_mask/augmented_image_306.jpg,without_mask
dataset/without_mask/augmented_image_307.jpg,without_mask
dataset/without_mask/augmented_image_308.jpg,without_mask
dataset/without_mask/augmented_image_309.jpg,without_mask
dataset/without_mask/augmented_image_31.jpg,without_mask
dataset/without_mask/augmented_image_310.jpg,without_mask
dataset/without_mask/augmented_image_311.jpg,without_mask
dataset/without_mask/augmented_image_312.jpg,without_mask
dataset/without_mask/augmented_image_314.jpg,without_mask
dataset/without_mask/augmented_image_315.jpg,without_mask
dataset/without_mask/augmented_image_316.jpg,without_mask
dataset/without_mask/augmented_image_317.jpg,without_mask
dataset/without_mask/augmented_image_318.jpg,without_mask
dataset/without_mask/augmented_image_319.jpg,without_mask
dataset/without_mask/augmented_image_32.jpg,without_mask
dataset/without_mask/augmented_image_33.jpg,without_mask
dataset/without_mask/augmented_image_35.jpg,without_mask
dataset/without_mask/augmented_image_36.jpg,without_mask
dataset/without_mask/augmented_image_37.jpg,without_mask
dataset/without_mask/augmented_image_38.jpg,without_mask
dataset/without_mask/augmented_image_39.jpg,without_mask
dataset/without_mask/augmented_image_4.jpg,without_mask
dataset/without_mask/augmented_image_40.jpg,without_mask
dataset/without_mask/augmented_image_41.jpg,without_mask
dataset/without_mask/augmented_image_42.jpg,without_mask
dataset/without_mask/augmented_image_43.jpg,without_mask
dataset/without_mask/augmented_image_44.jpg,without_mask
dataset/without_mask/augmented_image_45.jpg,without_mask
dataset/without_mask/augmented_image_48.jpg,without_mask
dataset/without_mask/augmented_image_5.jpg,without_mask
dataset/without_mask/augmented_image_50.jpg,without_mask
dataset/without_mask/augmented_image_51.jpg,without_mask
dataset/without_mask/augmented_image_52.jpg,without_mask
dataset/without_mask/augmented_image_53.jpg,without_mask
dataset/without_mask/augmented_image_54.jpg,without_mask
dataset/without_mask/augmented_image_55.jpg,without_mask
dataset/without_mask/augmented_image_56.jpg,without_mask
dataset/without_mask/augmented_image_57.jpg,without_mask
dataset/without_mask/augmented_image_58.jpg,without_mask
dataset/without_mask/augmented_image_59.jpg,without_mask
dataset/without_mask/augmented_image_60.jpg,without_mask
dataset/without_mask/augmented_image_61.jpg,without_mask
dataset/without_mask/augmented_image_62.jpg,without_mask
dataset/without_mask/augmented_image_63.jpg,without_mask
dataset/without_mask/augmented_image_64.jpg,without_mask
dataset/without_mask/augmented_image_65.jpg,without_mask
dataset/without_mask/augmented_image_66.jpg,without_mask
dataset/without_mask/augmented_image_67.jpg,without_mask
dataset/without_mask/augmented_image_68.jpg,without_mask
dataset/without_mask/augmented_image_69.jpg,without_mask
dataset/without_mask/augmented_image_7.jpg,without_mask
dataset/without_mask/augmented_image_70.jpg,without_mask
dataset/without_mask/augmented_image_71.jpg,without_mask
dataset/without_mask/augmented_image_72.jpg,without_mask
dataset/without_mask/augmented_image_73.jpg,without_mask
dataset/without_mask/augmented_image_74.jpg,without_mask
dataset/without_mask/augmented_image_76.jpg,without_mask
dataset/without_mask/augmented_image_77.jpg,without_mask
dataset/without_mask/augmented_image_78.jpg,without_mask
dataset/without_mask/augmented_image_79.jpg,without_mask
dataset/without_mask/augmented_image_80.jpg,without_mask
dataset/without_mask/augmented_image_81.jpg,without_mask
dataset/without_mask/augmented_image_82.jpg,without_mask
dataset/without_mask/augmented_image_83.jpg,without_mask
dataset/without_mask/augmented_image_84.jpg,without_mask
dataset/without_mask/augmented_image_85.jpg,without_mask
dataset/without_mask/augmented_image_86.jpg,without_mask
dataset/without_mask/augmented_image_87.jpg,without_mask
dataset/without_mask/augmented_image_88.jpg,without_mask
dataset/without_mask/augmented_image_89.jpg,without_mask
dataset/without_mask/augmented_image_90.jpg,without_mask
dataset/without_mask/augmented_image_91.jpg,without_mask
dataset/without_mask/augmented_image_92.jpg,without_mask
dataset/without_mask/augmented_image_93.jpg,without_mask
dataset/without_mask/augmented_image_94.jpg,without_mask
dataset/without_mask/augmented_image_95.jpg,without_mask
dataset/without_mask/augmented_image_96.jpg,without_mask
dataset/without_mask/augmented_image_97.jpg,without_mask
dataset/without_mask/augmented_image_98.jpg,without_mask
dataset/without_mask/augmented_image_99.jpg,without_mask
